ANCOL,village,-6.125215,106.8362474
ANGKE,village,-6.1454245,106.7952794
BALEKAMBANG,village,-6.2807497,106.8520631
BALI MESTER,village,-6.2204721,106.8667169
BAMBU APUS,village,-6.3131056,106.9009726
BARU,village,-6.3235068,106.8469824
BATU AMPAR,village,-6.2785032,106.8623521
BENDUNGAN HILIR,village,-6.2087254,106.8086398
BIDARA CINA,village,-6.2330194,106.8664693
BUKIT DURI,village,-6.2210945,106.8584257
BUNGUR,village,-6.1713909,106.8482316
CAKUNG BARAT,village,-6.173369,106.9358048
CAKUNG TIMUR,village,-6.1728853,106.956719
CAWANG,village,-6.2503382,106.8674908
CEGER,village,-6.3130259,106.8905229
CEMPAKA BARU,village,-6.1677049,106.8619785
CEMPAKA PUTIH BARAT,village,-6.1797434,106.863096
CEMPAKA PUTIH TIMUR,village,-6.1763601,106.8704399
CENGKARENG BARAT,village,-6.1398647,106.7238102
CENGKARENG TIMUR,village,-6.1409572,106.7353678
CIBUBUR,village,-6.355161,106.8807665
CIJANTUNG,village,-6.3212053,106.8587894
CIKINI,village,-6.1913465,106.8395502
CIKOKO,village,-6.2449525,106.8550588
CILANDAK BARAT,village,-6.288078,106.7968651
CILANGKAP,village,-6.3335136,106.9092529
CILILITAN,village,-6.2624687,106.86381
CILINCING,village,-6.1090904,106.9428098
CIPAYUNG,village,-6.329545,106.8930244
CIPETE SELATAN,village,-6.2717196,106.8049209
CIPINANG,village,-6.2060501,106.8926197
CIPINANG BESAR SELATAN,village,-6.2290933,106.8800948
CIPINANG BESAR UTARA,village,-6.2179227,106.8806713
CIPINANG CEMPEDAK,village,-6.2346728,106.8729163
CIPINANG MELAYU,village,-6.2483449,106.9037747
CIPINANG MUARA,village,-6.2262109,106.8881716
CIRACAS,village,-6.3261105,106.8751366
DUKUH,village,-6.2951231,106.8780003
DUREN SAWIT,village,-6.235992,106.9166626
DUREN TIGA,village,-6.2559452,106.8341575
DURI KEPA,village,-6.175123,106.7743079
DURI KOSAMBI,village,-6.1704014,106.7201486
DURI PULO,village,-6.1636195,106.8044806
DURI SELATAN,village,-6.1587842,106.8046704
DURI UTARA,village,-6.1539172,106.8050298
GALUR,village,-6.176019,106.8551951
GAMBIR,village,-6.1763617,106.8270627
GANDARIA SELATAN,village,-6.272484,106.7948165
GANDARIA UTARA,village,-6.2577702,106.7910352
GEDONG,village,-6.3035401,106.8611734
GLODOK,village,-6.1448405,106.8131866
GROGOL,village,-6.161329,106.7948841
GUNTUR,village,-6.2083116,106.8333124
GUNUNG,village,-6.2364246,106.7914922
GUNUNG SAHARI SELATAN,village,-6.1570118,106.84439
GUNUNG SAHARI UTARA,village,-6.1504141,106.8376909
HALIM PERDANA KUSUMA,village,-6.2655682,106.8936385
HARAPAN MULIA,village,-6.1699191,106.856581
JAGAKARSA,village,-6.3247665,106.8194219
JATI,village,-6.1920892,106.8979445
JATI PADANG,village,-6.2872405,106.8305449
JATINEGARA,village,-6.2034543,106.9172456
JATINEGARA KAUM,village,-6.20113,106.9027609
JATIPULO,village,-6.1777057,106.8036982
JELAMBAR,village,-6.1593443,106.7861493
JELAMBAR BARU,village,-6.1487012,106.7869928
JEMBATAN BESI,village,-6.1516382,106.7975286
JEMBATAN LIMA,village,-6.1445905,106.8039276
JOGLO,village,-6.2197819,106.737935
JOHAR BARU,village,-6.1857706,106.8567766
KALI ANYAR,village,-6.1577846,106.7987842
KALIDERES,village,-6.1509293,106.699636
KALISARI,village,-6.3345458,106.8529356
KAMAL MUARA,village,-6.1098554,106.7337392
KAMPUNG BALI,village,-6.1849724,106.8160095
KAMPUNG MELAYU,village,-6.2193557,106.8636187
KAMPUNG RAWA,village,-6.1795121,106.855659
KAPUK,village,-6.1391425,106.7522077
KAPUK MUARA,village,-6.1229723,106.7613232
KARANG ANYAR,village,-6.1546781,106.8290162
KARET TENGSIN,village,-6.2074731,106.8164889
KARTINI,village,-6.1540643,106.8340684
KAYU MANIS,village,-6.200931,106.8620436
KAYU PUTIH,village,-6.1790057,106.8836752
KEAGUNGAN,village,-6.1507326,106.8145501
KEBAYORAN LAMA SELATAN,village,-6.2553149,106.7790703
KEBAYORAN LAMA UTARA,village,-6.2448215,106.7782383
KEBON BARU,village,-6.2329499,106.8614867
KEBON BAWANG,village,-6.1198964,106.8885581
KEBON JERUK,village,-6.1956736,106.7721481
KEBON KACANG,village,-6.1902407,106.8166009
KEBON KELAPA,village,-6.1642923,106.8247393
KEBON KOSONG,village,-6.156322,106.8542865
KEBON MANGGIS,village,-6.2074976,106.8567616
KEBON MELATI,village,-6.1974872,106.8165458
KEBON PALA,village,-6.2556447,106.8775074
KEDAUNG KALI ANGKE,village,-6.1530918,106.7586004
KEDOYA SELATAN,village,-6.180638,106.7603535
KEDOYA UTARA,village,-6.1685547,106.7609655
KELAPA DUA,village,-6.2095281,106.7688125
KELAPA DUA WETAN,village,-6.3391721,106.8831808
KELAPA GADING TIMUR,village,-6.1682935,106.9042145
KEMANGGISAN,village,-6.1896703,106.7908831
KEMAYORAN,village,-6.1648157,106.8450861
KEMBANGAN SELATAN,village,-6.1885306,106.739284
KEMBANGAN UTARA,village,-6.1732667,106.7427257
KENARI,village,-6.1926888,106.8465703
KLENDER,village,-6.2183295,106.906693
KOJA,village,-6.1052638,106.8999006
KOTA BAMBU SELATAN,village,-6.1875027,106.8035245
KOTA BAMBU UTARA,village,-6.1833002,106.8035888
KRAMAT,village,-6.1838194,106.845965
KRAMATJATI,village,-6.2728548,106.8701892
KRENDANG,village,-6.1498636,106.8035882
KRUKUT,village,-6.1569812,106.8154894
KUNINGAN BARAT,village,-6.2364893,106.8218724
KUNINGAN TIMUR,village,-6.230969,106.8301957
KWITANG,village,-6.1837065,106.8402976
LAGOA,village,-6.1140999,106.911646
LEBAK BULUS,village,-6.3016717,106.779691
LUBANG BUAYA,village,-6.2928737,106.9030865
MAKASAR,village,-6.2760771,106.8769945
MALAKA JAYA,village,-6.223973,106.9362377
MALAKA SARI,village,-6.22489,106.9288242
MANGGA BESAR,village,-6.1455551,106.8187154
MANGGA DUA SELATAN,village,-6.1414295,106.8282223
MANGGARAI,village,-6.2134963,106.8509392
MANGGARAI SELATAN,village,-6.2213445,106.8496177
MAPHAR,village,-6.1558405,106.8197615
MENTENG,village,-6.2010459,106.8352111
MENTENG DALAM,village,-6.230139,106.8418824
MERUYA SELATAN,village,-6.2101635,106.7329989
MERUYA UTARA,village,-6.1958612,106.742505
MUNJUL,village,-6.3478538,106.8955892
PADEMANGAN BARAT,village,-6.134204,106.8361018
PADEMANGAN TIMUR,village,-6.1382734,106.8473205
PALMERAH,village,-6.2017259,106.7903346
PANCORAN,village,-6.2475556,106.8414296
PAPANGGO,village,-6.129201,106.8721639
PASAR BARU,village,-6.164901,106.8334669
PASEBAN,village,-6.1922568,106.8525086
PEGADUNGAN,village,-6.1339168,106.7019941
PEGANGSAAN,village,-6.2019499,106.8474914
PEGANGSAAN DUA,village,-6.1626344,106.9158465
PEJAGALAN,village,-6.1373464,106.7840286
PEKAYON,village,-6.3432799,106.8646035
PEKOJAN,village,-6.1369666,106.8040238
PENGGILINGAN,village,-6.2050399,106.9359199
PESANGGRAHAN,village,-6.2557097,106.7600011
PETOJO SELATAN,village,-6.1750093,106.816434
PETOJO UTARA,village,-6.1655438,106.8153732
PINANGRANTI,village,-6.2884275,106.8833312
PINANGSIA,village,-6.1355846,106.8146408
PISANGAN BARU,village,-6.2114514,106.8681618
PISANGAN TIMUR,village,-6.2062858,106.8807695
PLUIT,village,-6.1150307,106.7873624
PONDOK BAMBU,village,-6.2379668,106.9026733
PONDOK KELAPA,village,-6.2422972,106.9333134
PONDOK KOPI,village,-6.2269542,106.9423732
PONDOK PINANG,village,-6.2736372,106.7789504
PONDOK RANGGON,village,-6.3544342,106.9066357
PULO,village,-6.2540311,106.8025524
PULO GADUNG,village,-6.1825476,106.9016345
PULO GEBANG,village,-6.2051221,106.9522403
RAGUNAN,village,-6.2976668,106.8204823
RAMBUTAN,village,-6.3046995,106.8745605
RAWA BADAK SELATAN,village,-6.1310038,106.8994683
RAWA BADAK UTARA,village,-6.1197778,106.8978539
RAWA BUAYA,village,-6.1616396,106.7375147
RAWA BUNGA,village,-6.2187144,106.8716533
RAWA TERATE,village,-6.1869376,106.9215512
RAWAJATI,village,-6.2580249,106.854993
RAWAMANGUN,village,-6.1959278,106.8847253
RAWASARI,village,-6.1900838,106.864429
ROA MALAKA,village,-6.1362105,106.8094248
ROROTAN,village,-6.1457207,106.9567014
SELONG,village,-6.2346188,106.803819
SEMANAN,village,-6.1674843,106.7027259
SEMPER BARAT,village,-6.1238539,106.9243509
SEMPER TIMUR,village,-6.1207571,106.9349781
SENEN,village,-6.17644,106.8389595
SERDANG,village,-6.1592853,106.8613335
SETIA BUDI,village,-6.2073266,106.8256107
SETU,village,-6.3127494,106.9145539
SLIPI,village,-6.1939108,106.8014346
SRENGSENG,village,-6.2064995,106.7541059
SUKABUMI SELATAN,village,-6.2215483,106.7721536
SUKABUMI UTARA,village,-6.2087582,106.7778493
SUKAPURA,village,-6.1476246,106.9303862
SUMUR BATU,village,-6.1636676,106.8701023
SUNGAI BAMBU,village,-6.1290163,106.8853888
SUNTER JAYA,village,-6.151857,106.8781723
SUSUKAN,village,-6.3122872,106.8674261
TAMAN SARI,village,-6.1558531,106.8244003
TAMBORA,village,-6.1440301,106.8087815
TANAH SEREAL,village,-6.1543321,106.8093534
TANAH TINGGI,village,-6.1798929,106.8494106
TANGKI,village,-6.1465657,106.8233031
TANJUNG DUREN SELATAN,village,-6.1795103,106.7886838
TANJUNG DUREN UTARA,village,-6.17182,106.7824559
TANJUNG PRIOK,village,-6.1114189,106.8782247
TEGAL ALUR,village,-6.1191781,106.7164165
TEGAL PARANG,village,-6.2489089,106.8296061
TOMANG,village,-6.1716384,106.7968992
TUGU SELATAN,village,-6.1351531,106.9130776
TUGU UTARA,village,-6.1224924,106.9121406
UJUNG MENTENG,village,-6.1834535,106.9648598
UTAN KAYU SELATAN,village,-6.2033061,106.8687494
UTAN KAYU UTARA,village,-6.1956679,106.868129
UTAN PANJANG,village,-6.1648717,106.8548145
WARAKAS,village,-6.122001,106.8769662
WIJAYA KUSUMA,village,-6.1544417,106.7756354
SMAN 18 TANJUNG PRIOK,shelter,-6.1209379,106.8715036
KANTOR SUDIN KPKP JAKARTA PUSAT,shelter,-6.1740494,106.8189542
KANTOR KELURAHAN KAYU PUTIH,shelter,-6.1861769,106.8871676
MASJID ITIHADUL IKHWAN,shelter,-6.2161731,106.855274
SD 01 KEBON MANGGIS,shelter,-6.2109377,106.8556769
KANTOR KELURAHAN CAWANG,shelter,-6.2500636,106.8678973
STADION KAMAL MUARA,shelter,-6.0957895,106.7212947
MASJID JAMI ANNIMAH,shelter,-6.1140316,106.8777081
PASAR ANYAR BAHARI,shelter,-6.1139875,106.879158
SD MUHAMMADIYAH TANJUNG PRIOK,shelter,-6.1157722,106.87569
BALAI PENYULUHAN PERTANIANN JAKARTA BARAT,shelter,-6.1756278,106.7449295
GEREJA GMAHK CAKUNG TIMUR,shelter,-6.1938771,106.945999
MUSHOLA PT INDO FARMA KEBON MANGGIS,shelter,-6.2072963,106.8495688
SUDIN KESEHATAN KAMPUNG MELAYU,shelter,-6.2139551,106.8596489
SD KEDAUNG KALI ANGKE 08,shelter,-6.1546684,106.761961
GOR MAKASAR,shelter,-6.2799049,106.876466
UNIVERSITAS BOROBUDUR,shelter,-6.2440576,106.8977204
PAM KALIMALANG,shelter,-6.2519554,106.9328565
SMPN 55 TANJUNG PRIOK,shelter,-6.1201468,106.8708873
KANTOR KELURAHAN KEDOYA UTARA,shelter,-6.1769054,106.7663328
KANTOR SUDIN KPKP JAKARTA UTARA,shelter,-6.122631,106.8924716
TAMAN COSMOS,shelter,-6.1661336,106.7641867
GOR PANCORAN,shelter,-6.2509811,106.8603787
MASJID AL ITISHAM,shelter,-6.2050022,106.8184376
PUSKESWAN PONDOK RANGGON,shelter,-6.3602839,106.906128
RUSUN KARET,shelter,-6.2072563,106.8085794
KANTOR KEKELURAHANAN KAMPUNG MELAYU,shelter,-6.2145546,106.8575508
RS HERMINA JATINEGARA,shelter,-6.2213264,106.8647339
KANTOR KEKELURAHANAN BIDARACINA,shelter,-6.2400002,106.8651754
BALAI WARGA RW 2 JOHAR BARU,shelter,-6.1758409,106.8521551
BALAI WARGA RW 11 BUKIT DURI,shelter,-6.2176897,106.8544612
SASANA KRIDA BIDARACINA,shelter,-6.2411726,106.8635234
BALAI WARGA RW 4 TANAH SEREAL,shelter,-6.149755,106.8070182
KORAMIL TANAH ABANG,shelter,-6.2077359,106.8147225
KANTOR KEKELURAHANAN HALIM,shelter,-6.2677544,106.8754344
RS ARIES ANGKE,shelter,-6.1573209,106.8086116
GEREJA SANTA AGUSTINUS,shelter,-6.261682,106.8821098
MUSHOLLA BABUSSALAM,shelter,-6.2748282,106.8818917
KANTOR SUDIN KPKP JAKARTA TIMUR,shelter,-6.2125098,106.9427202
KANTOR KELURAHAN JATINEGARA,shelter,-6.2029467,106.9025199
PUSAT KESEHATAN HEWAN RAGUNAN,shelter,-6.2986352,106.8194663
KANTOR KECAMATAN KRAMAT JATI,shelter,-6.2848065,106.8709957
MASJID AL MUBAROK,shelter,-6.1635545,106.9627229
MUSHOLA AL ISTIQOMAH,shelter,-6.1745267,106.9441783
GEDUNG DINAS TEKNIS KPKP,shelter,-6.1503724,106.8346295
KANTOR KELURAHAN SETU,shelter,-6.3096247,106.9123459
KANTOR SUDIN KPKP JAKARTA SELATAN,shelter,-6.2445056,106.803186
SD ISLAM MIFTAHUL ULUM,shelter,-6.1164334,106.8740419
MASJID AL BAROKAH,shelter,-6.3018807,106.913778
SASANA KRIDA SWADARMA,shelter,-6.2321063,106.7639601
MASJID AL MUAWANAH,shelter,-6.2331135,106.7597304
KANTOR RW 12 WARAKAS,shelter,-6.1230252,106.8691722
MUSHOLLA AR RAHMAN,shelter,-6.2926623,106.8812827
HALIM PERDANAKUSUMA AIRPORT,airport,-6.2461159,106.8504695
SOEKARNO-HATTA INTERNATIONAL AIRPORT,airport,-6.1275282,106.6186869
BNPB,deployment,-6.1933814,106.8680015
GUDANG HALIM BNPB,warehouse,-6.246027,106.8153622
BPBD JAKARTA,warehouse,-6.1613941,106.8084527
GEDUNG BALAIKOTA DKI JAKARTA,warehouse,-6.18,106.83
KANTOR WALIKOTA KOTA ADM. JAKARTA PUSAT,warehouse,-6.17,106.82
TAMAN ASUHAN ANAK PERTIWI,warehouse,-6.23,106.84
KANTOR WALIKOTA KOTA ADM. JAKARTA TIMUR,warehouse,-6.21,106.94
UNIVERSITAS BOROBUDUR,warehouse,-6.24,106.9
KANTOR SUDIN KESEHATAN JAKARTA TIMUR,warehouse,-6.21,106.86
KAMPUS BINAWAN,warehouse,-6.26,106.86
KANTOR WALIKOTA KOTA ADM. JAKARTA BARAT,warehouse,-6.19,106.74
KANTOR KECAMATAN CENGKARENG,warehouse,-6.15,106.72
KANTOR WALIKOTA KOTA ADM. JAKARTA UTARA,warehouse,-6.12,106.89
JAKARTA ISLAMIC CENTER,warehouse,-6.12,106.92
KANTOR WALIKOTA KOTA ADM. JAKARTA SELATAN,warehouse,-6.25,106.81
DINAS BINTAL DAN KESOS PROV.DKI,warehouse,-6.18,106.83
DMC RSIJ PONDOK KOPI,warehouse,-6.22,106.94
POSKO BANTUAN BANJIR SAHABAT ANAK,warehouse,-6.2,106.85
POSKO BANJIR SMA 8 BUKIT DURI,warehouse,-6.22,106.86
"POSKO MASJID ATTAHIRIYAH, KAMPUNG MELAYU",warehouse,-6.22,106.86
DINAS SOSIAL DKI JAKARTA,extra,-6.1684879,106.8392257
PMI DKI JAKARTA,extra,-6.1849241,106.8424645
KODAM JAYA,depot,-6.2541738,106.8698042
POLDA METRO JAYA,depot,-6.2229169,106.8118707
GUDANG SATPOL PP,depot,-6.1642256,106.9239663
LEMBAGA PENANGGULANGAN BENCANA MUHAMMADIYAH (MDMC),depot,-6.185002,106.835002
DOMPET DHUAFA (DD),depot,-6.292672,106.74151
RUMAH ZAKAT,depot,-6.211508,106.860137
BAZNAS TANGGAP BENCANA (BTB),depot,-6.2255,106.861401
HUMAN INITIATIVE,depot,-6.381022,106.87206
JL. JEND. SUDIRMAN,damaged,-6.2192007,106.8140196
JL. BALIKPAPAN,damaged,-6.1706158,106.8128376
JL. SUKARJO W,damaged,-6.1607313,106.8237773
JL. MH THAMRIN,damaged,-6.1877543,106.823121
JL. LETJEN SUPRAPTO,damaged,-6.1726445,106.861376
JL. DIPONEGORO,damaged,-6.2011827,106.842256
JL. DAAN MOGOT,damaged,-6.1559484,106.708903
JL. TUBAGUS ANGKE,damaged,-6.143612,106.7867395
JL. CENGKEH JAKARTA BARAT,damaged,-6.1318301,106.8126537
JL. ARJUNA UTARA,damaged,-6.1857059,106.7811013
JL. PALMERAH BARAT,damaged,-6.2079652,106.7898277
JL. LETJEN S PARMAN,damaged,-6.1840649,106.796677
JL. KH ZAINUL ARIFIN,damaged,-6.1605481,106.8133307
JL. MERUYA UTARA,damaged,-6.1966958,106.7319117
JL. JOGLO RAYA,damaged,-6.2203947,106.7405232
JL. D.I PANJAITAN,damaged,-6.2335541,106.8765496
JL. PONDOK GEDE RAYA,damaged,-6.2907522,106.8839546
JL. RAYA BOGOR,damaged,-6.3178062,106.8644543
JL. JATINEGARA BARAT,damaged,-6.2194075,106.8645485
JL. KALIBATA RAYA,damaged,-6.2582733,106.860906
JL. JEND. BASUKI RAHMAT,damaged,-6.2293133,106.8827921
JL. BEKASI RAYA,damaged,-6.2174595,106.8756951
JL. BEKASI TIMUR RAYA,damaged,-6.2096457,106.9015979
JL. PAHLAWAN REVOLUSI,damaged,-6.2287478,106.8986167
JL. I GUSTI NGURAH RAI,damaged,-6.2163512,106.9283553
JL. PEMUDA,damaged,-6.1933857,106.8904474
JL. RAYA CONDET,damaged,-6.2823949,106.855227
JL. MATRAMAN,damaged,-6.2071473,106.8586052
JL. KELAPA DUA WETAN CIBUBUR,damaged,-6.3435473,106.8852386
JL. MUARA KARANG,damaged,-6.116632,106.7795128
JL. BOULEVARD,damaged,-6.1611651,106.9047729
JL. PEGANGSAAN DUA,damaged,-6.1566491,106.9163068
JL. GUNUNG SAHARI RAYA,damaged,-6.1512453,106.8354572
JL. CILINCING RAYA,damaged,-6.1073539,106.924862
JL. TELUK GONG,damaged,-6.1381344,106.7822125
JL. PLUIT SELATAN,damaged,-6.125698,106.7857861
JL. DANAU SUNTER BARAT,damaged,-6.1362489,106.8561788
JL. PAKIN,damaged,-6.1279788,106.8068717
JL. KAPTEN TENDEAN,damaged,-6.2400516,106.823764
JL. CILEDUG RAYA,damaged,-6.2373527,106.7592498
JL. PASAR JUMA'AT,damaged,-6.2904539,106.7720763
JL. MAMPANG PRAPATAN,damaged,-6.249591,106.8265929
JL. PANGLIMA POLIM,damaged,-6.2482467,106.7977717
JL. LENTENG AGUNG,damaged,-6.3242573,106.8330739
JL. PERMATA HIJAU,damaged,-6.2223039,106.7861824
JL. PETOGOKAN,damaged,-6.2519222,106.79481
JL. RS. FATMAWATI PASAR MINGGU,damaged,-6.2811892,106.7962286
JL. PENGADEGAN TIMUR,damaged,-6.2488385,106.8588065
PASAR JAGAL PEJATEN PONDOK KARYA,damaged,-6.2423981,106.8213637
